id,name,category,median_price,sales_per_day,tier
wj6l2,SCAR-H (А),weapon/assault_rifle,27500000.0,>100,T5 >10M
4qn7r,CR-380,weapon/sniper_rifle,2000000000.0,>100,T5 >10M
4q7pl,Продвинутые инструменты,other,50000.0,15564.71,T2 10-100k
y3nmw,Продвинутые запчасти,other,50000.0,12306.98,T2 10-100k
y409k,Блок данных «Гамма»,other,44999.5,6698.73,T2 10-100k
qjqw9,Стандартные инструменты,other,13100.0,5888.18,T2 10-100k
3gqkg,Нестабильная аномальная батарея,misc,23500.0,5400.0,T2 10-100k
9dk7y,Пси-маячок,other,15100.0,5393.12,T2 10-100k
gn976,Очищенное вещество 07270,other,35000.0,5298.62,T2 10-100k
40vn,Аммиак,misc,11110.5,4364.54,T2 10-100k
l0og1,Стандартные запчасти,other,14000.0,4285.02,T2 10-100k
96z7y,Катализатор,misc,44000.0,3354.68,T2 10-100k
p62q6,Морфин,supply/medicine,18500.0,3274.25,T2 10-100k
z30my,Цветущий рыжий папоротник,other,10950.0,3026.16,T2 10-100k
9yow,Ядро модуля,weapon_modules/weapon_module_core,119000.0,2800.0,T3 100k-1M
gn975,Портативный квантовый генератор,other,45000.0,2484.51,T2 10-100k
401j,Батарея холодного синтеза,misc,39000.0,2279.81,T2 10-100k
drmwj,Технический спирт,supply/drink,18500.0,2157.8,T2 10-100k
7rp7,Чеснок,misc,54990.0,1931.39,T2 10-100k
vjy3n,Эпинефрин,supply/medicine,13000.0,1920.0,T2 10-100k
55olq,Остатки приборов «Шепота»,misc,28000.0,1867.49,T2 10-100k
qoq6,Солнце,artefact/thermal,219999.5,1834.32,T3 100k-1M
zzqn9,Коктейль «Незабываемый»,supply/drink,12500.0,1757.41,T2 10-100k
g4lz0,«Биозаплатка»,supply/medicine,13888.0,1646.67,T2 10-100k
y7po,Реагенты,misc,42000.0,1528.38,T2 10-100k
y4y33,Блок данных «Лямбда»,other,90500.0,1519.6,T2 10-100k
z7pn,Ткань,misc,96450.0,1493.33,T2 10-100k
mrwr7,Схрон мастера,other,104899.0,1466.94,T3 100k-1M
55621,Армейский аккумулятор,other,59450.0,1462.89,T2 10-100k
m22k,Водонос,misc,14000.5,1374.55,T2 10-100k
7lyo3,«Алкобык»,supply/drink,21898.0,1338.05,T2 10-100k
1pyq,Оружейный модуль,weapon_modules/weapon_module,469999.5,1322.17,T3 100k-1M
4lml,Змеиный глаз,artefact/biochemical,172500.0,1277.49,T3 100k-1M
m0pyj,Аномальное шампанское,supply/drink,18000.0,1216.9,T2 10-100k
55ymq,Обычный артефактный фрагмент,misc,10785.0,1169.5,T2 10-100k
z301y,Цветущий северный мох,other,54000.0,1158.3,T2 10-100k
zzwmm,Сыворотка изменения,other,292500.0,1156.41,T3 100k-1M
npp9,Чертоцвет,misc,14000.0,1149.81,T2 10-100k
gn956,Камень Жмых-Вжух-Плюх,other,83998.0,1144.84,T2 10-100k
jlll,Алые минералы,misc,44990.0,1032.59,T2 10-100k
zypm,Золотистая Прима,artefact/gravity,72500.0,1023.85,T2 10-100k
gnpr5,Темный Лимб,other,149000.0,958.04,T3 100k-1M
7l127,Аномальная пыль,misc,28000.0,888.48,T2 10-100k
pjkj2,Экранированный схрон ветерана,other,93490.0,870.39,T2 10-100k
z3ogm,Расцветший Горьколистник,other,50000.0,870.22,T2 10-100k
y3knz,«Убийца Боли»,supply/medicine,86500.0,867.19,T2 10-100k
g4lzg,Водка «Гейзер»,supply/drink,75000.0,865.59,T2 10-100k
j5qd4,Сумка СБП 7.62 мм,bullet,10500.0,861.54,T2 10-100k
g0gp,Гнилые доски,misc,10500.0,859.09,T2 10-100k
5r5g,Ледяной ежик,artefact/electrophysical,87000.0,837.84,T2 10-100k
kqgy,Браслет,artefact/gravity,255000.5,832.73,T3 100k-1M
vnqnd,Экранированный схрон мастера,other,200000.0,831.26,T3 100k-1M
rr05,Дрожжи,misc,13500.0,827.04,T2 10-100k
009n9,Полыхающий срачник,other,31500.0,819.2,T2 10-100k
olz36,Моток медной проволоки,other,70000.0,787.94,T2 10-100k
4qd3p,Уха из сома «Дворянская»,supply/food,12990.0,773.12,T2 10-100k
5rd1,Стальной Ежик,artefact/biochemical,99999.5,768.49,T2 10-100k
gyq5,Спираль,artefact/electrophysical,327775.0,762.4,T3 100k-1M
q2p3,Полипропилен,misc,74448.0,730.18,T2 10-100k
l0ryo,Черная селезенка,misc,95000.0,719.27,T2 10-100k
dryl2,Селезенка мутанта из Любеча,misc,42499.5,691.76,T2 10-100k
34z1l,Чернобыльская ромашка,other,16000.0,655.56,T2 10-100k
w30w2,Беличьи дрожжи,other,20698.0,655.36,T2 10-100k
ljpq,Многогранник,artefact/biochemical,100000.0,635.48,T3 100k-1M
jl77,Железо,misc,30250.0,631.79,T2 10-100k
kqr0,Гелий,artefact/electrophysical,107499.5,626.92,T3 100k-1M
dr61j,Блок данных «Бета»,other,150000.0,624.52,T3 100k-1M
jl26,Полимеры,misc,76900.0,602.22,T2 10-100k
kllj,Лазурные минералы,misc,25550.0,601.79,T2 10-100k
5rwq,Осколок,artefact/electrophysical,745000.0,588.82,T3 100k-1M
knydy,Ящик гранат «Завеса»,misc,26000.0,579.31,T2 10-100k
wglp,Ветка Калины,artefact/thermal,393499.5,564.93,T3 100k-1M
1rl61,Хроносфера,misc,279997.0,563.73,T3 100k-1M
00w01,Схрон ветерана,other,12900.0,559.85,T2 10-100k
z3ozm,«Светящийся сахар»,misc,40000.0,557.13,T2 10-100k
4lkp,Лампочка Ильича,artefact/electrophysical,53450.0,520.99,T2 10-100k
kqp0,Жар-птица,artefact/thermal,81000.0,517.93,T2 10-100k
mm4y,Продвинутый электрод,misc,11489.0,517.74,T2 10-100k
wopo,Перчатки,misc,43000.0,512.17,T2 10-100k
qjmjk,Боевой горох,supply/food,28000.0,507.26,T2 10-100k
kr53y,Корень-липучка,other,11000.0,506.9,T2 10-100k
y54z,Гиря,artefact/electrophysical,19000.0,504.54,T2 10-100k
6rpy,Помидор,misc,23500.0,482.74,T2 10-100k
y5jk,Жильник,artefact/gravity,135000.0,473.82,T3 100k-1M
77oy6,Остатки сигнального процессора,other,60900.0,472.34,T2 10-100k
nmj1,Листы сваренного металла,misc,68500.0,470.24,T2 10-100k
y40kk,Крупный рассольник,other,24000.0,462.08,T2 10-100k
49zn,Нервяк,artefact/other_arts,1080000.0,461.83,T4 1-10M
404p,Термическая смесь,misc,13500.0,451.68,T2 10-100k
96z2z,Хронопыль,misc,75000.0,451.58,T2 10-100k
w4jo,Черная дыра,artefact/other_arts,1800000.0,447.34,T4 1-10M
y5yw,Гантель,artefact/gravity,132500.0,445.55,T3 100k-1M
zzjgn,Экзоброня «Альбатрос-Лазутчик»,armor/combined,582200.0,440.17,T3 100k-1M
4k5gr,Блок данных «Альфа»,other,67000.0,440.13,T2 10-100k
p6256,«Панацея»,supply/medicine,19123.5,432.4,T2 10-100k
ljrj,Радиатор,artefact/thermal,94000.0,424.0,T2 10-100k
4k5dr,Ретранслятор «Гамма»,other,299994.5,423.91,T3 100k-1M
y5k0,Вихрь,artefact/thermal,382775.0,423.06,T3 100k-1M
ov50,Сковорода,misc,100000.0,408.92,T3 100k-1M
gy06,Ершик,artefact/biochemical,100000.0,404.55,T3 100k-1M
2opw0,Премиум на 30 дней,other,2289999.5,398.98,T4 1-10M
npz3,Кастрюля,misc,54499.5,398.57,T2 10-100k
zy32,Батарейка,artefact/electrophysical,26000.0,395.37,T2 10-100k
jkj4,Ряска,artefact/biochemical,22249.0,390.37,T2 10-100k
6w5lj,«ШизоЁрш»,supply/medicine,119999.0,388.69,T3 100k-1M
0rvyy,Тактическая рукоятка Viking Tactics UVG,attachment/handgrips,8325000.0,387.55,T4 1-10M
kqoj,Каблук,artefact/thermal,672222.0,383.51,T3 100k-1M
5lv9o,Прицел оптический Sig Sauer,attachment/collimator_sights,270000.0,382.78,T3 100k-1M
y770,Мякоть лимонника,supply/medicine,74500.0,379.76,T2 10-100k
zyrm,Зеркало,artefact/electrophysical,55000.0,375.79,T2 10-100k
5rg1,Проклятая роза,artefact/gravity,227500.0,372.84,T3 100k-1M
klwv,Нефть,misc,70999.5,372.22,T2 10-100k
j3p6,Смольник,artefact/other_arts,1699999.0,368.4,T4 1-10M
qo06,Трансформатор,artefact/electrophysical,86000.0,368.27,T2 10-100k
vn507,Часть MG-34,misc,299000.0,364.18,T3 100k-1M
npq3,Аномальная плазма,misc,74000.0,361.85,T2 10-100k
gyg5,Креветка,artefact/gravity,44500.0,357.57,T2 10-100k
wg53,Атом,artefact/electrophysical,350000.0,354.37,T3 100k-1M
0rnw1,КИМ-102 «Циркон»,armor/scientist,270000.0,353.77,T3 100k-1M
qvrk,Борная кислота,misc,60000.0,353.74,T2 10-100k
m0wdy,Ящик гранат «Подорожник»,misc,24444.0,352.89,T2 10-100k
qvm9,Азотная кислота,misc,17165.0,349.6,T2 10-100k
lywdk,Ящик гранат «Напалм»,misc,14000.0,349.39,T2 10-100k
y5w3,Призма,artefact/electrophysical,1045000.0,349.36,T4 1-10M
5rpq,Янтарник,artefact/gravity,50000.0,349.36,T2 10-100k
qo59,Жвачка,artefact/biochemical,68500.0,348.73,T2 10-100k
wwod,M18 Claymore,other,39000.0,346.99,T2 10-100k
21wgv,Часть PzB 38,misc,5899499.5,344.34,T4 1-10M
y391o,Колбасная нарезка,supply/food,15833.0,343.05,T2 10-100k
y3pwo,Прицел коллиматорный ОКП-7,attachment/collimator_sights,300000.0,343.02,T3 100k-1M
qvv4,Пурпурные минералы,misc,18100.0,341.39,T2 10-100k
ly6y1,Завтрак чемпиона,supply/food,97000.0,338.31,T2 10-100k
9mgw,Древесный уголь,misc,15000.0,332.62,T2 10-100k
wg3p,Дезинтегратор,artefact/electrophysical,12722.0,331.4,T2 10-100k
5dp0,Банка с пшеном,misc,140000.0,323.97,T3 100k-1M
1r7g1,Steyr AUG A3,weapon/assault_rifle,850000.0,321.24,T3 100k-1M
022k,Сверло,misc,50000.0,320.15,T2 10-100k
wj7v3,РМО-93,weapon/shotgun_rifle,442500.0,319.11,T3 100k-1M
g34p,Юла,artefact/biochemical,1649999.5,314.53,T4 1-10M
g4lp0,Измененный сидр,supply/drink,48999.5,306.56,T2 10-100k
rjvwy,Сердце Лимб,misc,489500.0,304.4,T3 100k-1M
knq0p,Бронекостюм «Рысь»,armor/combat,250000.0,304.27,T3 100k-1M
wgzd,Остов,artefact/gravity,68500.0,302.79,T2 10-100k
wjlrd,Дешевые инструменты,other,30000.0,301.45,T2 10-100k
4l1r,Протоцибуля,artefact/gravity,30000.0,296.7,T2 10-100k
2nw5,Защитное покрытие,misc,44890.0,296.26,T2 10-100k
r22z,Ноотроп,misc,13495.0,291.83,T2 10-100k
zjzn,Полено,artefact/other_arts,3824999.5,291.53,T4 1-10M
p3o4,Роторная система,misc,64440.0,290.29,T2 10-100k
woro,Опухоль мертвеца,misc,19999.0,289.93,T2 10-100k
n46d1,Ящик гранат «Вонючка»,misc,25774.5,280.74,T2 10-100k
knwdv,Прицел коллиматорный Barska,attachment/collimator_sights,1580000.0,278.49,T4 1-10M
g4mqp,АПС,weapon/pistol,150000.0,276.42,T3 100k-1M
964k0,Сильная мазь от ожогов,supply/medicine,21900.0,273.28,T2 10-100k
1r216,«ТОПОТ»,supply/medicine,30999.0,268.75,T2 10-100k
g4rd6,Сумка керамических пластин V,misc,14750.0,266.77,T2 10-100k
g4y5p,Бронекостюм «КЗ-3а»,armor/combat,270000.0,262.6,T3 100k-1M
3g9n1,Алюминиевая бита,weapon/melee,269500.0,262.5,T3 100k-1M
g060,Набор для шитья,misc,17290.0,260.83,T2 10-100k
1kdg,Липкий репях,artefact/biochemical,19000.0,259.83,T2 10-100k
v25p,Операционный усилитель,misc,39999.0,258.05,T2 10-100k
1r2yq,Силовой стимулятор,supply/medicine,34677.0,256.54,T2 10-100k
prl2,Кофе,misc,21500.0,246.57,T2 10-100k
zzy1n,Бронекостюм «Алтын»,armor/combat,260000.0,244.46,T3 100k-1M
dr96g,Часть Bren,misc,45000.0,243.9,T2 10-100k
99pz,Полиэтиленовая основа,misc,60000.0,242.74,T2 10-100k
n4m93,МР-412,weapon/pistol,270000.0,241.92,T3 100k-1M
qv76,Нефтяной кокс,misc,29000.0,238.42,T2 10-100k
pjo5d,Часть STG-44,misc,30000.0,237.86,T2 10-100k
m0mz2,M1014 Breacher,weapon/shotgun_rifle,320500.0,237.78,T3 100k-1M
y359o,Тяжелый бронекостюм «Туманный охотник»,armor/combat,550000.0,236.95,T3 100k-1M
rwgl5,КИМ-100 «Гранат»,armor/scientist,275833.0,234.12,T3 100k-1M
z719,Сталь,misc,23330.0,232.92,T2 10-100k
k3yv,Обруч,artefact/other_arts,1972999.5,232.68,T4 1-10M
vn3n7,Прототипы «Шепота»,misc,77500.0,231.12,T2 10-100k
j5o9g,ОЦ-62,weapon/shotgun_rifle,290000.0,229.46,T3 100k-1M
nmo2,Прочный металл,misc,72000.0,227.99,T2 10-100k
rr7g,Медь,misc,28899.5,224.23,T2 10-100k
j5456,Отличная тушенка,supply/food,20000.0,219.29,T2 10-100k
qodk,Бубльгум,artefact/other_arts,1374999.5,218.86,T4 1-10M
wgwz,Фаренгейт,artefact/thermal,1450000.0,218.79,T4 1-10M
5lnp0,СОК-94,weapon/sniper_rifle,193000.0,217.85,T3 100k-1M
dmvjg,Телескопическая дубинка,weapon/melee,199545.0,213.82,T3 100k-1M
5rzo,Корка,artefact/thermal,720000.0,205.5,T3 100k-1M
wooz,Тусклые минералы,misc,18000.0,202.9,T2 10-100k
0rqqk,УВСР,weapon/melee,280000.0,202.17,T3 100k-1M
03v1,Колба с раствором,misc,45000.0,200.78,T2 10-100k
dqg5,Животный жир,misc,30000.0,200.1,T2 10-100k
4qlwo,Бронекостюм «Булат-М»,armor/combined,610000.0,198.87,T3 100k-1M
wgr3,Темный кристалл,artefact/gravity,25000.0,197.49,T2 10-100k
g35n,Контейнер «Берлога-6»,containers,2750000.0,194.15,T4 1-10M
wgvd,Чернильница,artefact/biochemical,17250.0,193.15,T2 10-100k
knvmj,Jagdkommando,weapon/melee,1000000.0,192.47,T4 1-10M
dmjwn,HK416,weapon/assault_rifle,1390000.0,189.64,T4 1-10M
j306,Всполох,artefact/other_arts,234990.0,188.6,T3 100k-1M
y32lo,FN SCAR-L,weapon/assault_rifle,200000.0,188.36,T3 100k-1M
3gn5g,ТКБ-0146М,weapon/assault_rifle,380000.0,186.49,T3 100k-1M
kqj3,Улитка,artefact/biochemical,19999.5,186.4,T2 10-100k
dry5g,Микросхема «Шепота»,misc,53000.0,186.17,T2 10-100k
zz24n,SIG SG 550 Sniper,weapon/sniper_rifle,349490.0,183.83,T3 100k-1M
zz2rn,АК-105,weapon/assault_rifle,199777.0,182.4,T3 100k-1M
jky6,Изюм,artefact/other_arts,680000.0,180.21,T3 100k-1M
dmypg,Едкое мясо бестии,misc,41000.0,176.6,T2 10-100k
1dnq,Тканевая сумка,misc,26830.0,175.8,T2 10-100k
y5m3,Криоген,artefact/gravity,25000.0,175.01,T2 10-100k
jkq7,Магма,artefact/thermal,865061.5,172.3,T3 100k-1M
ljn2,Морозец,artefact/thermal,1530000.0,170.18,T4 1-10M
dj92,Набор кухонных ножей,misc,35300.0,168.35,T2 10-100k
6g5n,Контейнер «Бидон-У»,containers,130000.0,168.08,T3 100k-1M
dqn9,Аномальные материалы,misc,39495.0,166.95,T2 10-100k
1r3j2,Барабанный магазин 7.62x39,attachment/mag,1800000.0,166.76,T4 1-10M
qo94,Куриный бог,artefact/thermal,222109.5,164.09,T3 100k-1M
qj253,Chiappa Triple Crown,weapon/shotgun_rifle,340000.0,163.42,T3 100k-1M
q1lk,Жабры,artefact/other_arts,1998995.0,161.64,T4 1-10M
n4vw6,Мазь от ожогов,supply/medicine,15505.5,161.11,T2 10-100k
96pdw,Самодельный компенсатор NATO,attachment/barrel,412500.0,160.83,T3 100k-1M
7z77,Желе,artefact/other_arts,1750000.0,160.09,T4 1-10M
4npn,Теломераза,misc,89000.0,159.87,T2 10-100k
zz1o2,Фасолевый суп,supply/food,17500.0,159.25,T2 10-100k
wodp,Электросмесь,misc,18999.0,158.17,T2 10-100k
rn1z,Опал,artefact/thermal,2800000.0,157.35,T4 1-10M
969vz,HK UMP9,weapon/submachine_gun,200000.0,156.97,T3 100k-1M
3gnzl,QBU-191,weapon/sniper_rifle,4000000.0,155.91,T4 1-10M
vjr47,«Der schwarze Tod»,other,399999.5,153.81,T3 100k-1M
5lr20,Бронекостюм «КЗ-3б»,armor/combat,604995.0,150.22,T3 100k-1M
6goy,Петля,artefact/other_arts,1599995.0,149.84,T4 1-10M
1rdnq,ДП,weapon/machine_gun,119550.0,149.26,T3 100k-1M
4k3qo,Концентрированная лимбоплазма,other,560000.0,147.35,T3 100k-1M
g4mdp,АК-12,weapon/assault_rifle,940000.0,146.69,T3 100k-1M
34zvl,Ретранслятор «Бета»,other,1130555.5,143.28,T4 1-10M
p63d2,HK417,weapon/assault_rifle,4299999.0,142.19,T4 1-10M
rw255,M249 SAW,weapon/machine_gun,947500.0,142.15,T3 100k-1M
21g9l,Адский уголь,other,20000.0,141.66,T2 10-100k
k3rv,Чертов еж,artefact/other_arts,191999.5,141.28,T3 100k-1M
4nkr,Алюминиевый порошок,misc,59999.0,141.23,T2 10-100k
g4205,Эргономичный магазин 5.56,attachment/mag,1800000.0,140.91,T4 1-10M
96pwy,Увеличенный магазин АК-308,attachment/mag,800000.0,134.08,T3 100k-1M
m2g7,Текстолит,misc,12250.0,131.54,T2 10-100k
j34l,Контейнер «Дубак»,containers,2720000.0,130.36,T4 1-10M
kl9v,Молоко,misc,10500.0,129.62,T2 10-100k
4njo,Хлорид алюминия,misc,14999.0,128.79,T2 10-100k
zy7y,Ежик,artefact/biochemical,21000.0,128.42,T2 10-100k
gy7p,Сетчатка,artefact/other_arts,147500.0,128.4,T3 100k-1M
w3zj3,Модифицированная аномальная батарея,other,1799999.0,123.48,T4 1-10M
y7dz,Морозная смесь,misc,22360.0,123.01,T2 10-100k
jkml,Глаз бури,artefact/thermal,234995.0,119.51,T3 100k-1M
vj2mp,KS-12 Komrad,weapon/shotgun_rifle,3852777.5,116.31,T4 1-10M
okm20,HK PSG1,weapon/sniper_rifle,390000.0,116.29,T3 100k-1M
q10k,Звено,artefact/other_arts,2649999.5,115.08,T4 1-10M
4qldn,Комбинезон «Тонга»,armor/scientist,695000.0,113.83,T3 100k-1M
1rlw2,Эссенция сброса,other,1890000.0,111.35,T4 1-10M
qjomk,Тяжелый бронекостюм «Идущий в метели»,armor/combat,1000000.0,108.14,T4 1-10M
m27j,Аминокислота,misc,115000.0,107.76,T3 100k-1M
pjn64,Ящик с ресурсами,other,86000.0,105.72,T2 10-100k
z7m9,Мультиметр,misc,17250.0,105.36,T2 10-100k
w4no,Канифоль,artefact/other_arts,387435.0,104.74,T3 100k-1M
2ongl,Cheytac M300,weapon/sniper_rifle,10052504.5,103.75,T5 >10M
dmqqg,«Презренный»,other,137500.0,103.22,T3 100k-1M
lj0j,Катушка,artefact/electrophysical,280000.0,103.05,T3 100k-1M
knm6y,Mauser 98k,weapon/sniper_rifle,130000.0,102.41,T3 100k-1M
1rl71,Пыль изменения,misc,30000.0,101.64,T2 10-100k
n4zy2,Эргономичный магазин 12.7,attachment/mag,984999.5,101.45,T3 100k-1M
4qp0o,Барабанный магазин 5.56 NATO черный,attachment/mag,1999999.0,101.4,T4 1-10M
np0w,Поташ,misc,45000.0,101.0,T2 10-100k
g05g,Латунь,misc,19894.0,100.95,T2 10-100k
y3j20,Gerber Downrange Tomahawk,weapon/melee,1100000.0,100.04,T4 1-10M
qj1lk,Бронекостюм «КЗ-4»,armor/combat,6855555.0,99.41,T4 1-10M
4qp1o,Барабанный магазин 5.45,attachment/mag,1100000.0,98.54,T4 1-10M
q03mj,Ретранслятор «Альфа»,other,785000.0,95.84,T3 100k-1M
jowg,Психореагент,misc,58000.0,94.29,T2 10-100k
ok3q0,Бронескелет «Альбатрос-Перехватчик»,armor/combined,9900000.0,94.15,T4 1-10M
g00n,Мякоть сластены,supply/medicine,135400.0,91.05,T3 100k-1M
1rkn1,Комбинезон «Магнит»,armor/scientist,680000.0,90.29,T3 100k-1M
y3mgw,Глушитель FA556 Mini,attachment/barrel,900000.0,89.79,T3 100k-1M
kq4v,Темная калина,artefact/other_arts,1069500.0,87.53,T4 1-10M
klq0,Биогаз,misc,26500.0,86.88,T2 10-100k
3g72l,Набор планок для ППШ,attachment/forend,190000.0,85.09,T3 100k-1M
9mmq,Мякоть солевика,supply/medicine,96800.0,83.76,T2 10-100k
3d11,Контейнер «Холодок»,containers,519999.5,83.61,T3 100k-1M
dmjdn,АК-308,weapon/assault_rifle,15845000.0,83.45,T5 >10M
5ddo,Мякоть куборбуза,supply/medicine,78999.0,83.0,T2 10-100k
dmql9,«Матрос»,other,45000.0,81.79,T2 10-100k
2oddv,«Образец S110»,other,380000.0,80.48,T3 100k-1M
51l0,Харя,artefact/other_arts,102500.0,78.19,T3 100k-1M
21065,Сердце мутанта из Любеча,misc,12999.0,77.98,T2 10-100k
p6rm6,ППШ,weapon/submachine_gun,300000.0,77.93,T3 100k-1M
z77k,Мякоть спиртня,supply/medicine,25499.5,75.33,T2 10-100k
2o4km,«Опаленный»,other,150000.0,75.08,T3 100k-1M
vjpzd,Прицел коллиматорный ПК-01(Т),attachment/collimator_sights,430000.0,74.97,T3 100k-1M
y3mz3,Барабанный магазин ППШ,attachment/mag,179611.0,74.81,T3 100k-1M
y5ro,Яйцо,artefact/other_arts,175000.0,74.05,T3 100k-1M
dm165,Макароны по-флотски,supply/food,22500.0,73.18,T2 10-100k
6w2n6,«Хоккеист»,other,99999.0,70.39,T2 10-100k
mmmk,Сосуд реактора,misc,117450.0,69.46,T3 100k-1M
om6m,Измерительное оборудование,misc,39900.0,69.37,T2 10-100k
1r246,Хорог,supply/food,207500.0,69.24,T3 100k-1M
lyl22,«Погоня»,other,397500.0,66.42,T3 100k-1M
lywmk,Сумка 5.45 «Ши-3»,bullet,21100.0,65.66,T2 10-100k
dmj6j,СВЧ,weapon/sniper_rifle,2950000.0,64.63,T4 1-10M
3gp6g,Планка Пикатинни для Mauser 98k,attachment/forend,35000.0,64.38,T2 10-100k
p6y44,Эргономичный магазин 9x39,attachment/mag,799999.0,64.04,T3 100k-1M
qjrd6,Самодельный ЛЦУ,attachment/other,770000.0,63.28,T3 100k-1M
5drg,Брага,supply/food,72998.0,60.37,T2 10-100k
n4lg6,Пшенка с мясом,supply/food,13665.0,59.89,T2 10-100k
rwol5,Консервированная фасоль,supply/food,14500.0,57.7,T2 10-100k
wjo6z,«Адмирал»,other,90000.0,54.17,T2 10-100k
m0woy,Сумка 7.62 мм «Динозавр»,bullet,25990.0,52.83,T2 10-100k
prm6,Свинец,misc,42000.0,52.69,T2 10-100k
yq3o,Личинка,artefact/other_arts,268885.0,51.9,T3 100k-1M
ok5wm,Эргономичный магазин 5.45,attachment/mag,1225000.0,51.25,T4 1-10M
9n7z,Рубик,artefact/other_arts,173888.5,51.22,T3 100k-1M
vj427,M48 Tomahawk,weapon/melee,370555.5,50.29,T3 100k-1M
pjqvd,Композит «Шепота»,misc,18400.0,49.68,T2 10-100k
6wpz0,Барабанный магазин 5.45 в чехле,attachment/mag,1200000.0,49.33,T4 1-10M
qjwv3,Барабанный магазин AA-12,attachment/mag,783888.5,49.06,T3 100k-1M
vjrqg,«Фриц»,other,93000.0,48.93,T2 10-100k
knqkv,Экзоброня «Альбатрос-Разведчик»,armor/combined,4763850.0,48.88,T4 1-10M
y37j0,«Касатка-1»,other,60000.0,48.88,T2 10-100k
qjl6j,Ящик гранат «Искра»,misc,20450.0,48.85,T2 10-100k
12r1,Рюкзак Errand Junior,backpacks,180000.0,48.69,T3 100k-1M
km6y,Серная соль,misc,16000.0,47.88,T2 10-100k
n4pm9,«Блаженная жатва»,other,199999.5,47.85,T3 100k-1M
5ldgo,«Буксир»,other,45000.0,47.41,T2 10-100k
gdj6,Детектор узкого диапазона «Эльбрус»,weapon/device,21649999.5,46.98,T5 >10M
qjv24,«Запах напалма»,other,89999.5,46.5,T2 10-100k
mmn2,Кровяная сыворотка,misc,69990.0,46.39,T2 10-100k
964z0,Водка «Кривой Коготь»,supply/drink,59999.0,46.31,T2 10-100k
p69k2,Комбинезон «Ганимед»,armor/scientist,6550000.0,46.15,T4 1-10M
wo2d,Хлор,misc,232000.0,46.15,T3 100k-1M
2onz6,РПК-16,weapon/machine_gun,999990.0,46.02,T3 100k-1M
9627w,«Горнило»,other,170000.0,45.97,T3 100k-1M
4q01j,«Посудина»,other,50000.0,45.34,T2 10-100k
j5lol,«Уникальная снежинка»,other,509999.5,45.18,T3 100k-1M
5n51,Порох,misc,69999.0,44.96,T2 10-100k
j5pd0,Ящик гранат «Гром»,misc,32219.5,44.96,T2 10-100k
q2wk,Воздуховод,misc,680000.0,44.94,T3 100k-1M
1r3oq,Отечественный самодельный компенсатор,attachment/barrel,679000.0,44.04,T3 100k-1M
y79w,Медная крошка,misc,20500.0,43.82,T2 10-100k
ly4z2,Прицел оптический Acecare,attachment/collimator_sights,300000.0,43.31,T3 100k-1M
zyqk,Хрусталь,artefact/thermal,67677.0,42.84,T2 10-100k
3g0yl,Сумка патронов 12 калибра «Кислотный дракон»,bullet,23899.0,42.66,T2 10-100k
n4vg6,«Рассол»,supply/drink,37000.0,42.56,T2 10-100k
rwr2z,«Чужая улица»,other,80000.0,42.35,T2 10-100k
2od6m,«Сквид»,other,35000.0,41.77,T2 10-100k
1r3d2,Эргономичный магазин 7.62 NATO,attachment/mag,4550000.0,41.29,T4 1-10M
r2mv,Вино с осадком,supply/drink,26000.0,41.1,T2 10-100k
1r6wq,ZIVCAS Prototype 71790,other,100000.0,41.0,T3 100k-1M
6wrm6,«Непотопляемый»,other,400000.0,40.86,T3 100k-1M
3gkjk,«Мученик»,other,68330.0,40.52,T2 10-100k
zz6m9,«Опричник»,other,30000.0,40.1,T2 10-100k
7l2vr,«Стервятник»,other,46500.0,39.76,T2 10-100k
qj379,«Контуженный»,other,367272.5,39.5,T3 100k-1M
026y,Протромбин,misc,150000.0,39.38,T3 100k-1M
3g12z,Жаркое из мутантов,supply/food,29994.5,39.16,T2 10-100k
wjwzp,Детское шампанское,supply/drink,15000.0,38.58,T2 10-100k
p6r3d,«Излишки»,other,158330.0,38.54,T3 100k-1M
3grr1,«Легат»,other,115000.0,38.48,T3 100k-1M
y32po,Ingram MAC-10,weapon/pistol,170000.0,38.43,T3 100k-1M
w7ro,Мутаген,misc,90000.0,38.0,T2 10-100k
knm0v,СВ-98,weapon/sniper_rifle,2100000.0,37.53,T4 1-10M
jl44,Серная кислота,misc,25000.0,37.3,T2 10-100k
prp5,Очищенный жир,misc,21499.5,37.26,T2 10-100k
okvm5,«Ночная охота»,other,280000.0,36.98,T3 100k-1M
2o65l,Сумка 5.56 мм «Прогрев»,bullet,31100.0,36.67,T2 10-100k
4qzyr,Сумка композитных пластин V,misc,43900.0,36.29,T2 10-100k
0r32k,«Взгляд хищника»,other,250000.0,36.26,T3 100k-1M
knlmj,«Грех»,other,390000.0,36.15,T3 100k-1M
vjy0n,«Шапочка из фольги»,supply/drink,17000.0,36.05,T2 10-100k
m0mo7,ВСК-94,weapon/sniper_rifle,2900000.0,35.99,T4 1-10M
qokj,Тыква,artefact/gravity,285000.0,35.64,T3 100k-1M
n4691,Сумка 9x39 мм «Электросвинг»,bullet,19980.0,35.56,T2 10-100k
km9v,Коагулянт,misc,33000.0,35.02,T2 10-100k
zymn,Смалец,artefact/other_arts,79500.0,34.92,T2 10-100k
l362,Контейнер «КРАБ-6»,containers,9000000.0,34.88,T4 1-10M
zj1k,Контейнер «Кега»,containers,625000.0,34.81,T3 100k-1M
2ogkl,«Волнорез»,other,5000000.0,34.78,T4 1-10M
y2mo,Нейродегенерант,misc,14300.0,34.47,T2 10-100k
0r2g1,9А-91,weapon/assault_rifle,397499.5,34.3,T3 100k-1M
0r3qk,«Мемориал»,other,189990.0,34.04,T3 100k-1M
ly1lo,"Магазин 7.62 NATO PMAG, черный",attachment/mag,3999999.0,33.95,T4 1-10M
4k5lr,Кулек,other,16000.0,33.95,T2 10-100k
04yr,Виток,artefact/biochemical,1547221.5,33.85,T4 1-10M
gyln,Иней,artefact/thermal,71000.0,33.38,T2 10-100k
7l9d3,Премиум на 180 дней,other,7999495.0,33.19,T4 1-10M
vjr27,«Служба»,other,120000.0,33.11,T3 100k-1M
z7y2,Протертые овощи,supply/food,58450.0,32.96,T2 10-100k
wj75o,FN SCAR-H,weapon/assault_rifle,3225000.0,32.84,T4 1-10M
m016r,CCA-Zephyr,other,6250000.0,31.68,T4 1-10M
ly97q,«Улыбака»,other,589000.0,31.62,T3 100k-1M
dmzn9,Серия «Цельнометаллический»,other,104061.5,30.69,T3 100k-1M
rwl5v,Сумка 5.56 «Курчатов»,bullet,36666.0,30.46,T2 10-100k
6wrrn,«Посейдон»,other,169000.0,30.03,T3 100k-1M
g4w7g,«Уцелевший»,other,70000.0,29.94,T2 10-100k
999q,Плитоноска,misc,13000.0,29.66,T2 10-100k
m02mk,«Гад»,other,80000.0,29.11,T2 10-100k
rwz2z,Русский штык,weapon/melee,185000.0,28.74,T3 100k-1M
4qnwn,ОЦ-14М «Ураган»,weapon/assault_rifle,524488.0,28.2,T3 100k-1M
y263,Метан,misc,48000.0,25.49,T2 10-100k
1kw1,Кристалл Изнанки,artefact/other_arts,89000.0,25.05,T2 10-100k
m0jw7,Шпроты,supply/food,41000.0,24.7,T2 10-100k
7lrr9,«Грех»,other,130000.0,24.67,T3 100k-1M
7l1z6,Сумка Баррикад,bullet,52499.5,24.25,T2 10-100k
3grn1,«Спасатель»,other,272500.0,23.86,T3 100k-1M
m0vvk,НР-43,weapon/melee,180000.0,23.59,T3 100k-1M
4lpo,Статик,artefact/gravity,253750.0,23.56,T3 100k-1M
j5z74,«Миротворец»,other,244444.0,23.29,T3 100k-1M
okq16,Сумка 9 мм «Сосуля»,bullet,25000.0,23.23,T2 10-100k
y9go,Баррикада,bullet,14899.0,23.12,T2 10-100k
lylnq,HK MP7A2,weapon/submachine_gun,11844444.0,23.12,T5 >10M
z2om,Дымный порох,misc,22990.0,22.84,T2 10-100k
m0g52,Эргономичный магазин 7.62x39,attachment/mag,2900000.0,22.75,T4 1-10M
rnvg,Шишка,artefact/thermal,299999.5,22.63,T3 100k-1M
96ngz,Продвинутый ОЗК,armor/scientist,250000.0,22.53,T3 100k-1M
w732,Селитра,misc,11499.5,22.49,T2 10-100k
n339,Рюкзак «Хелбой-У»,backpacks,330000.0,22.46,T3 100k-1M
1r7v1,IMI Mini Uzi,weapon/submachine_gun,200000.0,22.38,T3 100k-1M
g0y0,Соленья,supply/food,13250.0,22.37,T2 10-100k
5np0,Мутировавшие ферменты,misc,133165.0,22.32,T3 100k-1M
1rd7r,«Житница»,other,77000.0,22.2,T2 10-100k
vjmwg,Серия «Наследие Империи»,other,340000.0,22.07,T3 100k-1M
wgko,Роза Изнанки,artefact/other_arts,1110510.0,21.98,T4 1-10M
wjr9d,Глушитель Salvo 12,attachment/barrel,4999999.0,21.7,T4 1-10M
rw4ry,Барабанный магазин 5.56 NATO EMAG,attachment/mag,1433333.0,21.66,T4 1-10M
nv43,Рюкзак NPA,backpacks,625000.0,21.15,T3 100k-1M
g4mgp,IMI Micro Uzi,weapon/pistol,249500.0,20.81,T3 100k-1M
5rm0,Ключик,artefact/other_arts,640000.0,20.51,T3 100k-1M
rw23l,«Волна»,weapon/sniper_rifle,2983999.5,20.13,T4 1-10M
wj2no,Армейские галеты,supply/food,86000.0,19.98,T2 10-100k
210rv,Пси-излучатель «Шепота»,misc,116000.0,19.82,T3 100k-1M
2ony6,IWI Tavor X95,weapon/assault_rifle,8900000.0,19.72,T4 1-10M
40pn,Аномальные дрожжи,misc,110000.0,17.99,T3 100k-1M
4nnj,Гремучая ртуть,misc,15555.0,17.02,T2 10-100k
z29n,Динамит,misc,180000.0,16.73,T3 100k-1M
y3prz,"Тактический блок AN/PEQ 15, черный",attachment/other,450000.0,16.57,T3 100k-1M
d3kg,Контейнер «Берлога-5»,containers,894443.5,16.49,T3 100k-1M
40dl,Водород,misc,135000.0,16.42,T3 100k-1M
n42m9,Мачете «ЭМЧес»,weapon/melee,190000.0,16.21,T3 100k-1M
96m9q,«Родной двор»,other,55000.0,16.09,T2 10-100k
3g7wg,Прицел коллиматорный DM,attachment/collimator_sights,999999.0,16.01,T3 100k-1M
r29y,Гормоны,misc,75000.0,15.58,T2 10-100k
glnp,Советский походный рюкзак,backpacks,2500000.0,15.57,T4 1-10M
y75z,Сок,supply/drink,100000.0,15.16,T3 100k-1M
dmpjn,GLK-1,other,3100000.0,15.15,T4 1-10M
qjlzj,Сумка СЭП 7.62 мм,bullet,129999.0,15.1,T3 100k-1M
2odnv,«Плейбой»,other,150000.0,14.71,T3 100k-1M
kny0y,Сумка СЭП 5.56 мм,bullet,94443.0,14.64,T2 10-100k
o335,Контейнер «КЗС-2У»,containers,189950.0,14.35,T3 100k-1M
p63w4,Derya MK-12 AS-103S,weapon/shotgun_rifle,4349995.0,14.33,T4 1-10M
g40mn,Серия «Служивый»,other,574999.5,14.29,T3 100k-1M
okdpo,«Веселый лимонад»,supply/drink,15000.0,14.26,T2 10-100k
969jz,Steyr AUG A2,weapon/assault_rifle,600000.0,14.21,T3 100k-1M
4lrn,Висмут,artefact/other_arts,99995.0,13.96,T2 10-100k
vjrr7,«Дагон»,other,310000.0,13.84,T3 100k-1M
3gkk1,Трофейный камуфляж «Erbsenmuster»,other,52000.0,13.83,T2 10-100k
1dwq,Базовое вино,supply/drink,83900.0,13.67,T2 10-100k
6wvqy,Прицел коллиматорный Панорама,attachment/collimator_sights,1750000.0,13.65,T4 1-10M
9mn0,Рыбное филе,supply/food,88499.5,13.46,T2 10-100k
j56y7,"Тактический блок AN/PEQ 15, черный (зеленый лазер)",attachment/other,454999.5,13.33,T3 100k-1M
5lv7q,"Тактическая рукоятка REG Fab Defence, серый",attachment/handgrips,402500.0,13.06,T3 100k-1M
dmzy2,Камуфляж «Амеба» обр. 1942 г.,other,55000.0,12.7,T2 10-100k
7lrn9,«Турист»,other,170000.0,12.49,T3 100k-1M
zz939,ДТК «Вихрь»,attachment/barrel,199995.0,12.23,T3 100k-1M
jool,Анилин,misc,14500.0,12.17,T2 10-100k
ly2m1,M1014,weapon/shotgun_rifle,760000.0,12.15,T3 100k-1M
3gv2z,Премиум на 90 дней,other,5000000.0,12.12,T4 1-10M
zjn9,Ингибитор ядра,other,450000.0,12.09,T3 100k-1M
zz72k,Серия «Прозрение»,other,500000.0,12.06,T3 100k-1M
rw2ky,МЦ-255,weapon/shotgun_rifle,449999.5,12.06,T3 100k-1M
6wr6n,«Мирняк»,other,75000.0,12.03,T2 10-100k
l601,Патрон 7.62 мм снайперский,bullet,30000.0,12.0,T2 10-100k
96mwq,«Счастливый билет»,other,50500.0,11.87,T2 10-100k
kmmj,Промышленный растворитель,misc,47215.0,11.79,T2 10-100k
2o405,Камуфляж «Пальмовая амеба»,other,69999.0,11.46,T2 10-100k
wjg2o,Тяжелый бронекостюм «Алтын-Т»,armor/combat,799999.5,11.13,T3 100k-1M
4d3p,Патрон 7.62 мм «Динозавр»,bullet,17777.0,10.93,T2 10-100k
3g2yz,Трофейный камуфляж «Erbsenmuster»,other,50000.0,10.88,T2 10-100k
kn573,«Кореш»,other,5000000.0,10.78,T4 1-10M
okm10,Steyr AUG 9mm,weapon/submachine_gun,565000.0,10.78,T3 100k-1M
0row1,Рыбные консервы,supply/food,34500.0,10.62,T2 10-100k
w77z,Этилалюмин,misc,23499.5,10.34,T2 10-100k
j5mg7,Игристое шампанское,supply/drink,154999.0,10.12,T3 100k-1M
5lqp1,Сумка зажигательных 9x39 мм,bullet,28000.0,10.11,T2 10-100k
z2y2,Аномальные гены,misc,135000.0,10.07,T3 100k-1M
dm9qn,Камуфляж «Амеба» обр. 1942 г.,other,55000.0,9.84,T2 10-100k
gmy0,Очищающий реагент,misc,878333.0,9.78,T3 100k-1M
j3ml,Контейнер «КСМ»,containers,3799997.0,9.77,T4 1-10M
rw27g,«Рапира»,weapon/assault_rifle,950000.0,9.46,T3 100k-1M
7l229,Трофейный камуфляж «Luft Splinter»,other,122500.0,9.43,T3 100k-1M
m02wr,«Сбой»,other,3097000.0,8.9,T4 1-10M
4qzpr,Сумка СЭП 5.45 мм,bullet,91888.0,8.83,T2 10-100k
npr6,Цинк,misc,21900.0,8.81,T2 10-100k
p6056,Каша гороховая с мясом,supply/food,54000.0,8.8,T2 10-100k
vr1n,Плазма крови,misc,35000.0,8.75,T2 10-100k
y35l3,УКАЗ «Спаннер»,armor/combined,2336615.5,8.69,T4 1-10M
5lnv0,HK MP5K,weapon/submachine_gun,200000.0,8.36,T3 100k-1M
969r0,«Цунами»,weapon/submachine_gun,400000.0,8.36,T3 100k-1M
l2oo,Зажигательное покрытие,misc,50000.0,8.22,T2 10-100k
5l7m4,«Гвоздодер»,other,1210000.0,8.17,T4 1-10M
qjg24,Саперная лопата,weapon/melee,189500.0,8.02,T3 100k-1M
dm2y9,2A Armament X3 Compensator,attachment/barrel,9299000.0,7.86,T4 1-10M
j52lg,"Магазин 7.62 NATO PMAG, хаки",attachment/mag,3999998.5,7.7,T4 1-10M
vjm3p,Камуфляж «Березка» обр. 1943 г.,other,60000.0,7.63,T2 10-100k
6w22n,Трофейный камуфляж «Sumpfmuster» обр. 1943 г.,other,50000.0,7.61,T2 10-100k
yqq0,Контейнер «КЗС-1У»,containers,75000.5,7.58,T2 10-100k
7ldq3,Трофейный камуфляж «Luft Splinter»,other,113055.5,7.27,T3 100k-1M
5lpo4,ПБС-4,attachment/barrel,482500.0,7.22,T3 100k-1M
g07g,Тиражный ликер,supply/drink,80000.0,7.18,T2 10-100k
17k6,Фермент мутации,misc,19250.0,7.14,T2 10-100k
ovo4,Абразив,misc,39999.5,7.12,T2 10-100k
6wjkj,Трофейный камуфляж «Sumpfmuster» обр. 1943 г.,other,57277.5,7.05,T2 10-100k
qj9n6,Пломбир,supply/food,119999.5,6.98,T3 100k-1M
wjro3,"Барабанный магазин 5.56 NATO, хаки",attachment/mag,1999994.5,6.86,T4 1-10M
2own6,Камуфляж «Пальмовая амеба»,other,76000.0,6.79,T2 10-100k
vjg2d,MPL-2,other,6500000.0,6.79,T4 1-10M
okrq0,Мясные консервы,supply/food,154999.5,6.79,T3 100k-1M
g3zg,Квазидеструктор,weapon_modules/weapon_module_remover,3333333.0,6.75,T4 1-10M
2o760,ЛЦУ Truglo-Ace,attachment/other,19449999.5,6.64,T5 >10M
m0jyj,Премиум на 1 день,other,1499999.5,6.61,T4 1-10M
y31mk,Сумка СЭП 9 мм,bullet,82499.5,6.48,T2 10-100k
vj5rd,Камуфляж «Березка» обр. 1943 г.,other,66666.0,6.29,T2 10-100k
96k7l,JDK-3,other,3672221.5,6.15,T4 1-10M
5lr4q,Защитный бронекостюм «Йорш»,armor/combat,2150000.0,5.95,T4 1-10M
5lvdq,Угловая рукоятка РК-1,attachment/handgrips,34325000.0,5.86,T5 >10M
4q3nn,«Инфразвук»,other,3800000.0,5.8,T4 1-10M
knv5y,HK417 (А),weapon/assault_rifle,47250000.0,5.67,T5 >10M
lyv9k,X95 (А),weapon/assault_rifle,37500000.0,5.67,T5 >10M
wj792,Alpine TPG-1,weapon/sniper_rifle,3300000.0,5.54,T4 1-10M
z102,Патрон 5.56 мм жгучий,bullet,45000.0,5.49,T2 10-100k
n4l63,Вареный тунец,supply/food,127000.0,5.33,T3 100k-1M
1r15q,«Одеяние Охотника»,other,5900000.0,5.3,T4 1-10M
19yr2,Часть Lantac BMD #3,misc,4444440.0,5.28,T4 1-10M
6w64y,Grizzly 8.5,weapon/shotgun_rifle,600000.0,5.26,T3 100k-1M
